{
    "accuracy": 0.9420895864360179,
    "precision_weighted": 0.9454011555326713,
    "recall_weighted": 0.9420895864360179,
    "f1_weighted": 0.9419905429942969,
    "auc": 0.9796328217485228
}