{
    "model_name": "LightGBM",
    "score": 0.9685750331034566,
    "std": 0.001146101903877135,
    "params": {
        "num_leaves": 139,
        "learning_rate": 0.19015164742431676,
        "n_estimators": 278,
        "verbosity": 1
    }
}