{
    "model_name": "CatBoost",
    "score": 0.9700910769278341,
    "std": 0.000991879719190064,
    "params": {
        "n_estimators": 279,
        "max_depth": 10,
        "learning_rate": 0.2310998005562323,
        "verbose": 100
    }
}