{
    "model_name": "XGBoost",
    "score": 0.9397401739525115,
    "std": 0.00310648351080037,
    "params": {
        "n_estimators": 263,
        "max_depth": 8,
        "learning_rate": 0.13617801079459196
    }
}