{
    "model_name": "XGBoost",
    "score": 0.9466720183018499,
    "std": 0.0025978700883058222,
    "params": {
        "n_estimators": 213,
        "max_depth": 8,
        "learning_rate": 0.28369814473988636
    }
}