{
    "model_name": "LightGBM",
    "score": 0.9676168238075071,
    "std": 0.002521964077720127,
    "params": {
        "num_leaves": 78,
        "learning_rate": 0.24628242114560076,
        "n_estimators": 252,
        "verbosity": 1
    }
}