{
    "accuracy": 0.6762886597938145,
    "precision_weighted": 0.7889941907384802,
    "recall_weighted": 0.6762886597938145,
    "f1_weighted": 0.6412998115417393,
    "precision_macro": 0.7890148630662397,
    "recall_macro": 0.6762528873229189,
    "f1_macro": 0.6412869763076043,
    "auc": 0.9397653801359793
}